{
  "name": "angular-google-plus",
  "version": "0.1.2",
  "homepage": "https://github.com/mrzmyr/angular-google-plus",
  "authors": [
    "Moritz Meyer <m0ritz.m3yer@gmail.com>"
  ],
  "main": "dist/angular-google-plus.js",
  "license": "MIT",
  "ignore": [
    "**/.*",
    "node_modules",
    "bower_components",
    "test",
    "tests"
  ],
  "dependencies": {
    "angular": "~1.2.0"
  },
  "devDependencies": {
    "angular-mocks": "~1.2.0"
  },
  "_release": "0.1.2",
  "_resolution": {
    "type": "version",
    "tag": "v0.1.2",
    "commit": "5d2c337b174800ce3a8a7ae599892e9b96fe98bd"
  },
  "_source": "git://github.com/mrzmyr/angular-google-plus.git",
  "_target": "~0.1.2",
  "_originalSource": "angular-google-plus",
  "_direct": true
}